url,title,price_ntd,brand,model,year,mileage_km,condition,location,scraped_at
https://tw.bid.yahoo.com/item/100407884316,zakka鄉村雜貨木作 Nick展示箱架組 機車可以載 台灣出貨 手工製作 一件客製 復古風 中古風,3200,zakka鄉村雜貨木作,Nick展示箱架組 機車可以載 台灣出貨 手工製作 一件客製 復古風 中古風,,,全新,高雄市,2026-05-28T18:20:02
https://tw.bid.yahoo.com/item/101265868249,"Snap-on 3/8"" 驅動器 6 件 滾花 擺動 擴展 套件 長摩擦球 工具 汽車 機車 二手 中古 出清",3600,Snap-on,"3/8"" 驅動器 6 件 滾花 擺動 擴展 套件 長摩擦球 工具 汽車 機車 二手 中古 出清",,,二手,桃園市,2026-05-28T18:20:06
https://tw.bid.yahoo.com/item/101274862108,蔡安蕎 - 機車與芭樂 ～二手CD,100,蔡安蕎,- 機車與芭樂 ～二手CD,,,二手,高雄市,2026-05-28T18:20:09
https://tw.bid.yahoo.com/item/101664922866,三峽三竹電動車專賣店二手~~電動車~機車後箱,200,三峽三竹電動車專賣店二手~~電動車~機車後箱,,,,全新,新北市,2026-05-28T18:20:13
https://tw.bid.yahoo.com/item/101037190053,《49出清》二手 機車大鎖,49,《49出清》二手,機車大鎖,,,全新,台中市,2026-05-28T18:20:17
https://tw.bid.yahoo.com/item/100362638751,二手2.75-19機車輪胎,200,二手2.75-19機車輪胎,,,,二手,高雄市,2026-05-28T18:20:22
https://tw.bid.yahoo.com/item/100203165801,Balenciaga 巴黎世家 work 橘紅色麂皮 二手 七八成新 機車包,29000,Balenciaga,巴黎世家 work 橘紅色麂皮 二手 七八成新 機車包,,,二手,新北市,2026-05-28T18:20:25
https://tw.bid.yahoo.com/item/101108982497,極美二手正品BALENCIAGA 300295 黑色 金扣 Mini City bag 機車包（已售）,17000,極美二手正品BALENCIAGA,300295 黑色 金扣 Mini City bag 機車包（已售）,,,二手,其他國家,2026-05-28T18:20:27
https://tw.bid.yahoo.com/item/100329216827,【二手遊戲】PS3 RIDE 重型機車 摩托車 騎乘之旅 極速騎行 MOTOGP 英文版【台中恐龍電玩】,99990,【二手遊戲】PS3,RIDE 重型機車 摩托車 騎乘之旅 極速騎行 MOTOGP 英文版【台中恐龍電玩】,,,二手,台中市,2026-05-28T18:20:30
https://tw.bid.yahoo.com/item/101436060376,極美二手Balenciaga Classic Metallic Edge 黑色 金釦 mini city 機車包 單肩包,18000,極美二手Balenciaga,Classic Metallic Edge 黑色 金釦 mini city 機車包 單肩包,,,二手,其他國家,2026-05-28T18:20:33
https://tw.bid.yahoo.com/item/101536053033,Balenciaga mini 機車包 黑色《精品女王全新&二手》,999999,Balenciaga,mini 機車包 黑色《精品女王全新&二手》,,,二手,台北市,2026-05-28T18:20:37
https://tw.bid.yahoo.com/item/101015052321,【月界二手書店2】不機車 很推車－我是康樂股長2（絕版）_王偉忠_今周文化出版_原價290 〖現代文學〗AJI,85,【月界二手書店2】不機車,很推車－我是康樂股長2（絕版）_王偉忠_今周文化出版_原價290 〖現代文學〗AJI,,,二手,桃園市,2026-05-28T18:20:43
https://tw.bid.yahoo.com/item/100365270389,便宜輪胎王 250-17(不知名)二手機車輪胎(要裝內胎),250,便宜輪胎王,250-17(不知名)二手機車輪胎(要裝內胎),,,全新,高雄市,2026-05-28T18:20:46
https://tw.bid.yahoo.com/item/101737678610,高橋吾郎餃子包goros 背包高配大點金花扣 尺寸26×16厘米 (:手工皮具 阿美咔嘰 復古 機車【二手】2878,43200,高橋吾郎餃子包goros,背包高配大點金花扣 尺寸26×16厘米 (:手工皮具 阿美咔嘰 復古 機車【二手】2878,,,全新,台北市,2026-05-28T18:20:51
https://tw.bid.yahoo.com/item/101740975730,【書寶二手書T1／短篇_SQU】小路昨夜對我說：機車騎士的奇想漫遊_李達達,169,【書寶二手書T1／短篇_SQU】小路昨夜對我說：機車騎士的奇想漫遊_李達達,,,,二手,台北市,2026-05-28T18:20:55
https://tw.bid.yahoo.com/item/101401083418,Balenciaga 機車包 灰色《精品女王全新&二手》,999999,Balenciaga,機車包 灰色《精品女王全新&二手》,,,二手,台北市,2026-05-28T18:21:00
https://tw.bid.yahoo.com/item/101155392342,Balenciaga 機車包 灰藍色《精品女王全新&二手》,36000,Balenciaga,機車包 灰藍色《精品女王全新&二手》,,,二手,台北市,2026-05-28T18:21:05
https://tw.bid.yahoo.com/item/101740247910,機車靴 中古短靴 Alf紅色obannister 側拉鍊 復古,4926,機車靴,中古短靴 Alf紅色obannister 側拉鍊 復古,,,二手,台北市,2026-05-28T18:21:09
https://tw.bid.yahoo.com/item/101741145897,嚴選Switch日版中文化假面騎士遙控車二手機器，功能完美好用 遠古機神 漫畫角色,2350,嚴選Switch日版中文化假面騎士遙控車二手機器，功能完美好用,遠古機神 漫畫角色,,,全新,台北市,2026-05-28T18:21:14
https://tw.bid.yahoo.com/item/101742981486,蒙天珠大井料象形天眼吊墜牌子 顏色漂亮 橫著看像輛機車 【流水生財】【二手】-2923,8000,蒙天珠大井料象形天眼吊墜牌子,顏色漂亮 橫著看像輛機車 【流水生財】【二手】-2923,,,全新,台北市,2026-05-28T18:21:18
https://tw.bid.yahoo.com/item/101735211090,全新未拆完美品 蔡安蕎 機車與芭樂 臺版BMG卡帶 BMG，1999年發行 全新未拆 CD 唱片 碟片 二手709,7380,全新未拆完美品,蔡安蕎 機車與芭樂 臺版BMG卡帶 BMG，1999年發行 全新未拆 CD 唱片 碟片 二手709,1999,,全新,台北市,2026-05-28T18:21:22
https://tw.bid.yahoo.com/item/101559972515,二手 機車頭燈 燈泡 OSRAM LED T19 7735CW-01B,70,二手,機車頭燈 燈泡 OSRAM LED T19 7735CW-01B,,,全新,高雄市,2026-05-28T18:21:26
https://tw.bid.yahoo.com/item/101740098957,二手 三葉機車 YAMAHA Jog XC100GA 請先溝通,10000,YAMAHA,二手 三葉機車 Jog XC100GA 請先溝通,,,二手,台北市,2026-05-28T18:21:29
https://tw.bid.yahoo.com/item/101735499080,【繽紛小棧】KYMCO 光陽機車煞車碟盤 二手,350,KYMCO,【繽紛小棧】 光陽機車煞車碟盤 二手,,,二手,台北市,2026-05-28T18:21:32
https://tw.bid.yahoo.com/item/100843189161,((拍賣就是要撿便宜))二手商品一兒童三輪電動機車、電動車,1000,((拍賣就是要撿便宜))二手商品一兒童三輪電動機車、電動車,,,,二手,台北市,2026-05-28T18:21:35
https://tw.bid.yahoo.com/item/100380991132,二手9.5層新16*3.0機車輪胎,200,二手9.5層新16*3.0機車輪胎,,,,二手,彰化縣,2026-05-28T18:21:41
https://tw.bid.yahoo.com/item/100477840928,*還有唱片行* 蔡安蕎 / 機車與芭樂 二手 Y2486,99,*還有唱片行*,蔡安蕎 / 機車與芭樂 二手 Y2486,,,二手,台北市,2026-05-28T18:21:43
https://tw.bid.yahoo.com/item/100483738815,*還有唱片行* 蔡安蕎 / 機車與芭樂 二手 Y3237,99,*還有唱片行*,蔡安蕎 / 機車與芭樂 二手 Y3237,,,二手,台北市,2026-05-28T18:21:49
https://tw.bid.yahoo.com/item/100800890834,二手 BANDAI 假面騎士 SIGNAL LEGEND BIKE SET BOX 摩托車 機車 一套18款,9500,二手,BANDAI 假面騎士 SIGNAL LEGEND BIKE SET BOX 摩托車 機車 一套18款,,,二手,台北市,2026-05-28T18:21:54
https://tw.bid.yahoo.com/item/101736389093,木質拼塊拼圖 機車款 二手送卡車拼圖 全新,80,木質拼塊拼圖,機車款 二手送卡車拼圖 全新,,,二手,新北市,2026-05-28T18:21:59
https://tw.bid.yahoo.com/item/100795920321,早期懷舊有錢人和進口機車6*6.5公分黑白照片1張*牛哥哥二手藏書,1200,早期懷舊有錢人和進口機車6*6.5公分黑白照片1張*牛哥哥二手藏書,,,,二手,其他國家,2026-05-28T18:22:03
https://tw.bid.yahoo.com/item/100880715352,早期懷舊56年VESPA偉士牌 SCOTER機車6*5.5公分黑白照片1張*牛哥哥二手藏書,800,早期懷舊56年VESPA偉士牌,SCOTER機車6*5.5公分黑白照片1張*牛哥哥二手藏書,,,二手,其他國家,2026-05-28T18:22:05
https://tw.bid.yahoo.com/item/100881164804,早期懷舊56年小孩拿玩具槍騎老機車黑白照片6*5.5公分1張*牛哥哥二手藏書,600,早期懷舊56年小孩拿玩具槍騎老機車黑白照片6*5.5公分1張*牛哥哥二手藏書,,,,二手,其他國家,2026-05-28T18:22:08
https://tw.bid.yahoo.com/item/101526427824,出清二手書 機車考照完全手冊 2013年 完全模擬測驗光碟 可面交,30,出清二手書,機車考照完全手冊 2013年 完全模擬測驗光碟 可面交,2013,,二手,台北市,2026-05-28T18:22:14
https://tw.bid.yahoo.com/item/101741148141,嚴選3DS日版遊戲機，電車主題功能正常二手機 電玩 3ds 遊戲機,2450,嚴選3DS日版遊戲機，電車主題功能正常二手機,電玩 3ds 遊戲機,,,全新,台北市,2026-05-28T18:22:17
https://tw.bid.yahoo.com/item/100893732503,二手 SHF 假面騎士Fourze 流星機車 摩托車 Meteor Machine Meteorstar,3300,二手,SHF 假面騎士Fourze 流星機車 摩托車 Meteor Machine Meteorstar,,,二手,台北市,2026-05-28T18:22:21
https://tw.bid.yahoo.com/item/100194113562,【媽咪二手書】 機車告白之神鵰笨俠侶 喚兒 鮮歡 2010 5A02,30,【媽咪二手書】,機車告白之神鵰笨俠侶 喚兒 鮮歡 2010 5A02,2010,,二手,高雄市,2026-05-28T18:22:27
https://tw.bid.yahoo.com/item/100979357687,二手 SHF 魂商店限定 假面騎士 摩托車 機車 Machine Builder & Parts Set,4500,二手,SHF 魂商店限定 假面騎士 摩托車 機車 Machine Builder & Parts Set,,,二手,台北市,2026-05-28T18:22:30
https://tw.bid.yahoo.com/item/101732829159,Surfrider 台灣製 機車圖案 T恤 灰色M號 二手衣,499,Surfrider,台灣製 機車圖案 T恤 灰色M號 二手衣,,,二手,台北市,2026-05-28T18:22:35
https://tw.bid.yahoo.com/item/101727079793,物盡其用二手CD店/回函卡/機車DM 劉錫明 把你交給誰才不後悔,50,物盡其用二手CD店/回函卡/機車DM,劉錫明 把你交給誰才不後悔,,,二手,新北市,2026-05-28T18:22:41
https://tw.bid.yahoo.com/item/101744198883,全新未拆完美品 蔡安蕎 機車與芭樂 臺版BMG卡帶 BMG，9年發行 全 【唱博館】二手-8665,7380,全新未拆完美品,蔡安蕎 機車與芭樂 臺版BMG卡帶 BMG，9年發行 全 【唱博館】二手-8665,,,全新,台北市,2026-05-28T18:22:45
https://tw.bid.yahoo.com/item/101743630648,【二手】蒙天珠大井料象形天眼吊墜牌子 顏色漂亮 橫著看像輛機車904,8000,【二手】蒙天珠大井料象形天眼吊墜牌子,顏色漂亮 橫著看像輛機車904,,,全新,台北市,2026-05-28T18:22:49
https://tw.bid.yahoo.com/item/100492370396,《頭手汽機車》電瓶檢測大師 12V/24V電瓶檢測試器 中古車行保養廠必備 附打印機 MET-BA+2P,3845,《頭手汽機車》電瓶檢測大師,12V/24V電瓶檢測試器 中古車行保養廠必備 附打印機 MET-BA+2P,,,全新,高雄市,2026-05-28T18:22:52
https://tw.bid.yahoo.com/item/100417036453,【博愛二手書】校園類漫畫 惡質機車王1-11(完) 作者：秋好賢一，定價910元，售價182元,182,【博愛二手書】校園類漫畫,惡質機車王1-11(完) 作者：秋好賢一，定價910元，售價182元,,,二手,新竹縣,2026-05-28T18:22:56
https://tw.bid.yahoo.com/item/101719422872,【懶得出門二手書】《機車-現代風火輪》│彙豪國際│張子方│七成新(11A13),80,【懶得出門二手書】《機車-現代風火輪》│彙豪國際│張子方│七成新(11A13),,,,二手,台中市,2026-05-28T18:23:00
https://tw.bid.yahoo.com/item/101740547094,省錢二手拍賣─早期川崎機車，故障品，沒有車牌，適合復古裝飾，外公留下來的機車。,3000,省錢二手拍賣─早期川崎機車，故障品，沒有車牌，適合復古裝飾，外公留下來的機車。,,,,二手,屏東縣,2026-05-28T18:23:05
https://tw.bid.yahoo.com/item/101625764959,［二手卡帶］早期趙傳 光陽機車 廣告曲 滾石唱片發行 稀有錄音帶,2500,光陽,［二手卡帶］早期趙傳 機車 廣告曲 滾石唱片發行 稀有錄音帶,,,二手,台北市,2026-05-28T18:23:10
https://tw.bid.yahoo.com/item/101676860823,二手MIO MiVue M733 勁系列WIFI機車行車記錄器 129900005479 01,980,二手MIO,MiVue M733 勁系列WIFI機車行車記錄器 129900005479 01,,,二手,台北市,2026-05-28T18:23:13
https://tw.bid.yahoo.com/item/100029122701,二手正品 Balenciaga巴黎世家163471 Money桃紅色小羊皮/小扣鉚釘仿舊機車包長夾!最後1波4500含運,4500,二手正品,Balenciaga巴黎世家163471 Money桃紅色小羊皮/小扣鉚釘仿舊機車包長夾!最後1波4500含運,,,二手,日本,2026-05-28T18:23:17
https://tw.bid.yahoo.com/item/101742945797,嚴選二手T94，八十分級超值搶購中！機車零件推薦收藏。 T94 古董 機車零件,210,嚴選二手T94，八十分級超值搶購中！機車零件推薦收藏。,T94 古董 機車零件,,,全新,台北市,2026-05-28T18:23:20
